"Date","Status","Type","CheckNumber","Description","Withdrawal","Deposit","RunningBalance"
"02/26/2026","Pending","","","LUCID TRADING 302-4801399, NJ, US","","",""
"02/27/2026","Posted","INTADJUST","","Interest Paid","","","$144.41"
"02/27/2026","Posted","VISA","","LUCID TRADING 973-9457579","$65.00","","$144.41"
"02/19/2026","Posted","VISA","","ATAS LLC Riga","$106.69","","$209.41"
"02/12/2026","Posted","TRANSFER","","Funds Transfer to Brokerage ...342","$183.90","","$316.10"
"02/12/2026","Posted","TRANSFER","","Funds Transfer to Brokerage ...342","$1,000.00","","$500.00"
"02/12/2026","Posted","CREDIT","","ZELLE FROM KEIBER MEJIA","","$1,010.00","$1,500.00"
"02/11/2026","Posted","TRANSFER","","Funds Transfer to Brokerage ...342","$2,010.00","","$490.00"
"02/10/2026","Posted","CREDIT","","ZELLE FROM KEIBER MEJIA","","$2,500.00","$2,500.00"
