Status,Date,Description,Debit,Credit
Cleared,02-27-2026,"Cash Withdrawal 03:09p #6081 Citibank ATM 12 W 48TH STREET, NY, NY",400.00,,
Cleared,02-27-2026,"SPECTRUM SPECTRUM 9524273 : ACH Electronic Debit ",114.44,,
Cleared,02-27-2026,"D3198 MTA*NYCT PAYGO NEW YORK NY 26 : Mobile Purchase Sign Based 02/25 05:03p #6081 ",3.00,,
Cleared,02-27-2026,"D3198 MTA*NYCT PAYGO NEW YORK NY 26 : Mobile Purchase Sign Based 02/25 09:00a #6081 ",3.00,,
Cleared,02-26-2026,"3872AE UNITED ST DIRDEP : ACH Electronic Credit ",,581.78,
Cleared,02-26-2026,"D3198 DD *DOORDASH LOS3CHARR SAN FRANCISCO CA 26 : Mobile Purchase Sign Based 02/23 10:35p #6081 ",75.74,,
Cleared,02-26-2026,"D3198 BLG HARDWARE NEW YORK NY 26 : Mobile Purchase Sign Based 02/23 07:33p #6081 ",28.30,,
Cleared,02-26-2026,"D3198 MTA*NYCT PAYGO NEW YORK NY 26 : Mobile Purchase Sign Based 02/24 05:05p #6081 ",3.00,,
Cleared,02-26-2026,"D3198 MTA*NYCT PAYGO NEW YORK NY 26 : Mobile Purchase Sign Based 02/24 08:47a #6081 ",3.00,,
Cleared,02-25-2026,"LA LANTERNA DI VITTORI NEW YORK NY 26055 : Debit Card Purchase 02/22 09:10p #6081 ",123.43,,
Cleared,02-25-2026,"D3198 NBCU CAFE QPS NEW YORK NY 26 : Mobile Purchase Sign Based 02/23 12:27p #6081 ",17.31,,
Cleared,02-25-2026,"D3198 MTA*NYCT PAYGO NEW YORK NY 26 : Mobile Purchase Sign Based 02/23 08:45a #6081 ",3.00,,
Cleared,02-25-2026,"D3198 MTA*NYCT PAYGO NEW YORK NY 26 : Mobile Purchase Sign Based 02/23 03:36p #6081 ",2.00,,
Cleared,02-24-2026,"AffirmCard 5KSG AFFRM 6347307 : ACH Electronic Debit ",122.59,,
Cleared,02-24-2026,"D3198 FINE FARE SUPERMARKET NEW YORK NY 26 : Mobile Purchase Sign Based 02/20 06:53p #6081 ",51.95,,
Cleared,02-24-2026,"D3198 MINISO AMERICAN DREAM E RUTHERFORD NJ 26 : Mobile Purchase Sign Based 02/21 02:55p #6081 ",48.58,,
Cleared,02-24-2026,"D3198 SQ *BUBBLE PLANET: AN New Jersey NJ 26 : Mobile Purchase Sign Based 02/21 03:33p #6081 ",33.40,,
Cleared,02-24-2026,"D3198 SQ *AIM POINT East Rutherfo NJ 26 : Mobile Purchase Sign Based 02/21 03:25p #6081 ",25.30,,
Cleared,02-24-2026,"TRADEZELLA MIAMI FL 26054 : Mobile Purchase Sign Based 02/22 07:11p #6081 ",13.72,,
Cleared,02-24-2026,"D3198 H MART AMERICAN DREAM EAST RUTHERFO NJ 26 : Mobile Purchase Sign Based 02/21 03:11p #6081 ",13.04,,
Cleared,02-24-2026,"D3198 FIV*GONG CHA EAST RUTHERFO NJ 26 : Mobile Purchase Sign Based 02/21 05:29p #6081 ",12.79,,
Cleared,02-24-2026,"D3198 DD *DOORDASHDASHPASS SAN FRANCISCO CA 26 : Mobile Purchase Sign Based 02/21 06:57p #6081 ",9.99,,
Cleared,02-24-2026,"D3198 SQ *EL CHURRO New York NY 26 : Mobile Purchase Sign Based 02/20 09:52p #6081 ",8.71,,
Cleared,02-24-2026,"D3198 TST*THE GAME ROOM POWE East Rutherfo NJ 26 : Mobile Purchase Sign Based 02/21 06:54p #6081 ",5.33,,
Cleared,02-24-2026,"D3198 MTA*NYCT PAYGO NEW YORK NY 26 : Mobile Purchase Sign Based 02/20 10:07p #6081 ",3.00,,
Cleared,02-24-2026,"D3198 MTA*NYCT PAYGO NEW YORK NY 26 : Mobile Purchase Sign Based 02/20 07:54p #6081 ",3.00,,
Cleared,02-24-2026,"D3198 MTA*NYCT PAYGO NEW YORK NY 26 : Mobile Purchase Sign Based 02/22 09:27p #6081 ",3.00,,
Cleared,02-24-2026,"D3198 MTA*NYCT PAYGO NEW YORK NY 26 : Mobile Purchase Sign Based 02/22 07:37p #6081 ",3.00,,
Cleared,02-24-2026,"D3198 APPLE.COM/BILL CUPERTINO CA 26 : Mobile Purchase Sign Based 02/22 10:34a #6081 ",0.99,,
Cleared,02-23-2026,"DISCOVER E-PAYMENT 8247 : ACH Electronic Debit ",133.00,,
Cleared,02-23-2026,"D3198 STATUS JEWELS GAINESVILLE FLUS07 : Mobile Purchase PIN Based ",58.64,,
Cleared,02-23-2026,"D3198 SQ *BLACK SEED BAGELS New York NY 26 : Mobile Purchase Sign Based 02/19 09:30a #6081 ",11.43,,
Cleared,02-23-2026,"D3198 MTA*NYCT PAYGO NEW YORK NY 26 : Mobile Purchase Sign Based 02/19 09:45a #6081 ",3.00,,
Cleared,02-23-2026,"D3198 MTA*NYCT PAYGO NEW YORK NY 26 : Mobile Purchase Sign Based 02/19 05:05p #6081 ",3.00,,
Cleared,02-20-2026,"D3198 CHIPOTLE 0769 NEW YORK NY 26 : Mobile Purchase Sign Based 02/18 12:28p #6081 ",13.50,,
Cleared,02-20-2026,"D3198 SQ *BLACK SEED BAGELS New York NY 26 : Mobile Purchase Sign Based 02/18 09:42a #6081 ",12.74,,
Cleared,02-20-2026,"D3198 MTA*NYCT PAYGO NEW YORK NY 26 : Mobile Purchase Sign Based 02/18 05:04p #6081 ",3.00,,
Cleared,02-20-2026,"D3198 MTA*NYCT PAYGO NEW YORK NY 26 : Mobile Purchase Sign Based 02/18 08:47a #6081 ",3.00,,
Cleared,02-19-2026,"3872AE UNITED ST DIRDEP : ACH Electronic Credit ",,581.77,
Cleared,02-19-2026,"D3198 SQ *BLACK SEED BAGELS New York NY 26 : Mobile Purchase Sign Based 02/17 12:17p #6081 ",11.43,,
Cleared,02-19-2026,"D3198 MTA*NYCT PAYGO NEW YORK NY 26 : Mobile Purchase Sign Based 02/17 08:51a #6081 ",3.00,,
Cleared,02-19-2026,"D3198 MTA*NYCT PAYGO NEW YORK NY 26 : Mobile Purchase Sign Based 02/17 05:02p #6081 ",3.00,,
Cleared,02-18-2026,"SQ *WAYLA New York NY 26048 : Debit Card Purchase 02/14 11:24p #6081 ",125.42,,
Cleared,02-18-2026,"UEP*PRINCE TEA HOUSE NEW YORK NY 26045 : Debit Card Purchase 02/13 07:34p #6081 ",75.18,,
Cleared,02-18-2026,"UEP*PRINCE TEA HOUSE NEW YORK NY 26047 : Debit Card Purchase 02/14 08:17p #6081 ",51.55,,
Cleared,02-18-2026,"STEAMGAMES.COM 4259522 Bellevue WA 26048 : Mobile Purchase Sign Based 02/15 02:07p #6081 ",43.54,,
Cleared,02-18-2026,"D3198 LYFT *1 RIDE 02-15 SAN FRANCISCO CA 26 : Mobile Purchase Sign Based 02/15 10:01p #6081 ",36.98,,
Cleared,02-18-2026,"D3198 LYFT *1 RIDE 02-14 SAN FRANCISCO CA 26 : Mobile Purchase Sign Based 02/14 02:21a #6081 ",33.54,,
Cleared,02-18-2026,"D3198 APPLE.COM/BILL CUPERTINO CA 26 : Mobile Purchase Sign Based 02/13 01:22p #6081 ",32.65,,
Cleared,02-18-2026,"D3198 DD *DOORDASH LITTLECAE 8559731040 CA 26 : Mobile Purchase Sign Based 02/13 04:51p #6081 ",16.50,,
Cleared,02-18-2026,"D3198 TST*BOS BAGELS - HARLE New York NY 26 : Mobile Purchase Sign Based 02/15 02:28p #6081 ",15.02,,
Cleared,02-18-2026,"D3198 FINE FARE SUPERMARKET NEW YORK NY 26 : Mobile Purchase Sign Based 02/14 11:32a #6081 ",14.56,,
Cleared,02-18-2026,"D3198 SQ *BLACK SEED BAGELS New York NY 26 : Mobile Purchase Sign Based 02/13 12:17p #6081 ",11.43,,
Cleared,02-18-2026,"STEAMGAMES.COM 4259522 Bellevue WA 26047 : Mobile Purchase Sign Based 02/14 05:10p #6081 ",11.42,,
Cleared,02-18-2026,"D3198 TST*BOS BAGELS - HARLE New York NY 26 : Mobile Purchase Sign Based 02/15 02:30p #6081 ",9.13,,
Cleared,02-18-2026,"D3198 MTA*NYCT PAYGO NEW YORK NY 26 : Mobile Purchase Sign Based 02/14 06:53p #6081 ",3.00,,
Cleared,02-18-2026,"D3198 MTA*NYCT PAYGO NEW YORK NY 26 : Mobile Purchase Sign Based 02/13 08:06p #6081 ",3.00,,
Cleared,02-18-2026,"D3198 MTA*NYCT PAYGO NEW YORK NY 26 : Mobile Purchase Sign Based 02/13 08:47a #6081 ",3.00,,
Cleared,02-18-2026,"D3198 MTA*NYCT PAYGO NEW YORK NY 26 : Mobile Purchase Sign Based 02/14 11:48p #6081 ",3.00,,
Cleared,02-18-2026,"D3198 MTA*NYCT PAYGO NEW YORK NY 26 : Mobile Purchase Sign Based 02/13 05:01p #6081 ",3.00,,
Cleared,02-18-2026,"D3198 MTA*NYCT PAYGO NEW YORK NY 26 : Mobile Purchase Sign Based 02/15 07:02p #6081 ",2.00,,
Cleared,02-17-2026,"UDEMY SUBSCRIPTION SAN FRANCISCO CA 26044 : Debit Card Purchase 02/12 08:32p #6081 ",38.11,,
Cleared,02-17-2026,"D3198 SQ *BLACK SEED BAGELS New York NY 26 : Mobile Purchase Sign Based 02/12 12:05p #6081 ",10.29,,
Cleared,02-17-2026,"D3198 MTA*NYCT PAYGO NEW YORK NY 26 : Mobile Purchase Sign Based 02/12 06:16p #6081 ",3.00,,
Cleared,02-17-2026,"D3198 MTA*NYCT PAYGO NEW YORK NY 26 : Mobile Purchase Sign Based 02/12 09:26a #6081 ",3.00,,
Cleared,02-13-2026,"LUCID TRADING BASKING RIDGE NJ 26043 : Debit Card Purchase 02/11 05:56p #6081 ",65.00,,
Cleared,02-13-2026,"Square Enix EL SEGUNDO CA 26043 : Mobile Purchase Sign Based 02/12 05:10a #6081 ",14.14,,
Cleared,02-13-2026,"D3198 SQ *BLACK SEED BAGELS New York NY 26 : Mobile Purchase Sign Based 02/11 12:10p #6081 ",11.43,,
Cleared,02-13-2026,"CASH APP*MR 1185 Oakland CA 26043 : DEBIT CARD TRANSFER DEBIT 02/11 03:24p #6081 ",10.00,,
Cleared,02-13-2026,"D3198 MTA*NYCT PAYGO NEW YORK NY 26 : Mobile Purchase Sign Based 02/11 04:53p #6081 ",3.00,,
Cleared,02-13-2026,"D3198 MTA*NYCT PAYGO NEW YORK NY 26 : Mobile Purchase Sign Based 02/11 08:52a #6081 ",3.00,,
Cleared,02-12-2026,"KEIBER MEJIA : Zelle Debit PAY ID:CTISqqlNj2z8 ORG ID:2HY ",1010.00,,
Cleared,02-12-2026,"AFFIRM.COM PAYMENTS SAN FRANCISCO CA 26042 : Mobile Purchase Sign Based 02/10 09:45a #6081 ",902.54,,
Cleared,02-12-2026,"3872AE UNITED ST DIRDEP : ACH Electronic Credit ",,581.77,
Cleared,02-12-2026,"AFFIRM.COM PAYMENTS SAN FRANCISCO CA 26042 : Mobile Purchase Sign Based 02/10 09:45a #6081 ",425.63,,
Cleared,02-12-2026,"JULIO ORTEGA : Zelle Credit PAY ID:JPM99c5evghq ORG ID:JPM ",,250.00,
Cleared,02-12-2026,"D3198 SQ *BLACK SEED BAGELS New York NY 26 : Mobile Purchase Sign Based 02/10 12:10p #6081 ",10.29,,
Cleared,02-12-2026,"D3198 MTA*NYCT PAYGO NEW YORK NY 26 : Mobile Purchase Sign Based 02/09 05:00p #6081 ",3.00,,
Cleared,02-12-2026,"D3198 MTA*NYCT PAYGO NEW YORK NY 26 : Mobile Purchase Sign Based 02/10 08:45a #6081 ",3.00,,
Cleared,02-12-2026,"D3198 MTA*NYCT PAYGO NEW YORK NY 26 : Mobile Purchase Sign Based 02/10 04:57p #6081 ",3.00,,
Cleared,02-11-2026,"SCHWAB BROKERAGE MONEYLINK 558622490024342 : ACH Electronic Debit ",1005.00,,
Cleared,02-11-2026,"NATIONAL INCOME NIL INS : ACH Electronic Debit ",55.55,,
Cleared,02-11-2026,"D3198 SQ *BLACK SEED BAGELS New York NY 26 : Mobile Purchase Sign Based 02/09 12:07p #6081 ",10.29,,
Cleared,02-11-2026,"D3198 MTA*NYCT PAYGO NEW YORK NY 26 : Mobile Purchase Sign Based 02/09 08:42a #6081 ",3.00,,
Cleared,02-10-2026,"KEIBER MEJIA : Zelle Debit PAY ID:CTIwgBkZcdzm ORG ID:2HY ",2500.00,,
Cleared,02-10-2026,"Hope Canaan 118 WEB PMTS VZPXV1 : ACH Electronic Debit ",641.00,,
Cleared,02-10-2026,"D3198 EBISU AD EAST RUTHERFO NJ 26 : Mobile Purchase Sign Based 02/07 05:42p #6081 ",120.81,,
Cleared,02-10-2026,"D3198 LS AV AD 2 LLC EAST RUTHERFO NJ 26 : Mobile Purchase Sign Based 02/07 06:31p #6081 ",38.39,,
Cleared,02-10-2026,"D3198 DD *DOORDASH KYURAMENC 8559731040 CA 26 : Mobile Purchase Sign Based 02/06 09:33p #6081 ",36.22,,
Cleared,02-10-2026,"D3198 ZARA USA 6476 EAST RUTHERFO NJ 26 : Mobile Purchase Sign Based 02/07 03:31p #6081 ",35.94,,
Cleared,02-10-2026,"D3198 TACO BELL #036268 EAST RUTHERFO NJ 26 : Mobile Purchase Sign Based 02/07 05:06p #6081 ",27.25,,
Cleared,02-10-2026,"SoundCloud Monthly Go San Francisco CA 26040 : Mobile Purchase Sign Based 02/08 01:46p #6081 ",10.99,,
Cleared,02-10-2026,"PAYPAL INST XFER PATREON MEMBER : ACH Electronic Debit ",10.00,,
Cleared,02-10-2026,"D3198 LOVISA AMERICAN DREAM East Rutherfo NJ 26 : Mobile Purchase Sign Based 02/07 07:45p #6081 ",9.59,,
Cleared,02-10-2026,"D3198 MTA*NYCT PAYGO NEW YORK NY 26 : Mobile Purchase Sign Based 02/06 02:59p #6081 ",3.00,,
Cleared,02-10-2026,"D3198 MTA*NYCT PAYGO NEW YORK NY 26 : Mobile Purchase Sign Based 02/06 07:44a #6081 ",3.00,,
Cleared,02-10-2026,"D3198 MTA*NYCT PAYGO NEW YORK NY 26 : Mobile Purchase Sign Based 02/05 05:16p #6081 ",3.00,,
Cleared,02-09-2026,"CRB UPSTART LOAN : ACH Electronic Credit ",,6090.00,
Cleared,02-09-2026,"UPSTART NETWORK UPST LOANS 26232425 : ACH Electronic Debit ",602.45,,
Cleared,02-09-2026,"D3198 SQ *BLACK SEED BAGELS New York NY 26 : Mobile Purchase Sign Based 02/05 12:08p #6081 ",11.43,,
Cleared,02-09-2026,"CASH APP*MR 1185 Oakland CA 26037 : Mobile Purchase Sign Based 02/05 11:15a #6081 ",10.00,,
Cleared,02-09-2026,"D3198 BP#8512709EAST NEW YORK NYUS07 : Mobile Purchase PIN Based ",8.00,,
Cleared,02-09-2026,"D3198 MTA*NYCT PAYGO NEW YORK NY 26 : Mobile Purchase Sign Based 02/04 05:00p #6081 ",3.00,,
Cleared,02-09-2026,"D3198 MTA*NYCT PAYGO NEW YORK NY 26 : Mobile Purchase Sign Based 02/05 08:50a #6081 ",3.00,,
Cleared,02-06-2026,"DISCOVER PAYMENTS 8247 : ACH Electronic Debit ",183.00,,
Cleared,02-06-2026,"Incoming Wire Transfer Fee - INCOMING WIREFEE ",15.00,,
Cleared,02-06-2026,"D3198 SQ *BLACK SEED BAGELS New York NY 26 : Mobile Purchase Sign Based 02/04 12:19p #6081 ",11.43,,
Cleared,02-06-2026,"D3198 MTA*NYCT PAYGO NEW YORK NY 26 : Mobile Purchase Sign Based 02/03 05:03p #6081 ",3.00,,
Cleared,02-06-2026,"D3198 MTA*NYCT PAYGO NEW YORK NY 26 : Mobile Purchase Sign Based 02/04 08:47a #6081 ",3.00,,
Cleared,02-05-2026,"3872AE UNITED ST DIRDEP : ACH Electronic Credit ",,581.78,
Cleared,02-05-2026,"Incoming Wire Transfer WIRE FROM NINJATRADER CLEARING LLC DBA",,497.50,
Cleared,02-05-2026,"D3198 APPLE.COM/BILL CUPERTINO CA 26 : Mobile Purchase Sign Based 02/03 01:21p #6081 ",21.76,,
Cleared,02-05-2026,"D3198 SQ *BLACK SEED BAGELS New York NY 26 : Mobile Purchase Sign Based 02/03 11:46a #6081 ",11.43,,
Cleared,02-05-2026,"TradingViewM*Product Westerville OH 26035 : Mobile Purchase Sign Based 02/03 09:38a #6081 ",7.62,,
Cleared,02-05-2026,"D3198 MTA*NYCT PAYGO NEW YORK NY 26 : Mobile Purchase Sign Based 02/03 08:48a #6081 ",3.00,,
Cleared,02-05-2026,"D3198 NBCU CAFE QPS NEW YORK NY 26 : Mobile Purchase Sign Based 02/03 11:55a #6081 ",2.23,,
Cleared,02-04-2026,"D3198 KINOKUNIYA USA NEW YOR NEW YORK NY 26 : Mobile Purchase Sign Based 02/02 05:19p #6081 ",49.02,,
Cleared,02-04-2026,"D3198 CHIPOTLE 0769 NEW YORK NY 26 : Mobile Purchase Sign Based 02/02 12:12p #6081 ",16.39,,
Cleared,02-04-2026,"D3198 MTA*NYCT PAYGO NEW YORK NY 26 : Mobile Purchase Sign Based 02/02 05:25p #6081 ",3.00,,
Cleared,02-04-2026,"D3198 MTA*NYCT PAYGO NEW YORK NY 26 : Mobile Purchase Sign Based 02/02 08:44a #6081 ",3.00,,
Cleared,02-03-2026,"D3198 SQ *BLACK SEED BAGELS New York NY 26 : Mobile Purchase Sign Based 01/30 12:19p #6081 ",10.29,,
Cleared,02-03-2026,"D3198 MTA*NYCT PAYGO NEW YORK NY 26 : Mobile Purchase Sign Based 01/30 05:08p #6081 ",3.00,,
Cleared,02-03-2026,"D3198 MTA*NYCT PAYGO NEW YORK NY 26 : Mobile Purchase Sign Based 01/30 08:47a #6081 ",3.00,,
Cleared,02-03-2026,"D3198 MTA*NYCT PAYGO NEW YORK NY 26 : Mobile Purchase Sign Based 01/29 05:12p #6081 ",3.00,,
Cleared,02-03-2026,"PureGym US Springfield VA 26033 : Mobile Purchase Sign Based 02/01 08:02a #6081 ",2.91,,
Cleared,02-02-2026,"SPECTRUM SPECTRUM 829583 : ACH Electronic Debit ",113.89,,
Cleared,02-02-2026,"D3198 THE UPS STORE 4163 NEW YORK NY 26 : Mobile Purchase Sign Based 01/29 06:14p #6081 ",30.93,,
Cleared,02-02-2026,"D3198 SQ *BLACK SEED BAGELS New York NY 26 : Mobile Purchase Sign Based 01/29 12:22p #6081 ",11.43,,
Cleared,02-02-2026,"D3198 MTA*NYCT PAYGO NEW YORK NY 26 : Mobile Purchase Sign Based 01/28 04:59p #6081 ",3.00,,
Cleared,02-02-2026,"D3198 MTA*NYCT PAYGO NEW YORK NY 26 : Mobile Purchase Sign Based 01/29 08:51a #6081 ",3.00,,
Cleared,01-30-2026,"CASH APP*MR 1185 Oakland CA 26029 : DEBIT CARD TRANSFER DEBIT 01/28 06:19p #6081 ",25.00,,
Cleared,01-30-2026,"D3198 SQ *BLACK SEED BAGELS New York NY 26 : Mobile Purchase Sign Based 01/28 12:10p #6081 ",11.43,,
Cleared,01-30-2026,"PAYPAL INST XFER TWITCHINTER : ACH Electronic Debit ",5.99,,
Cleared,01-30-2026,"D3198 MTA*NYCT PAYGO NEW YORK NY 26 : Mobile Purchase Sign Based 01/28 08:49a #6081 ",3.00,,
Cleared,01-29-2026,"3872AE UNITED ST DIRDEP : ACH Electronic Credit ",,581.77,
Cleared,01-29-2026,"Deposit 05:03p #6081 Citibank ATM 12 W 48TH STREET, NY, NY",,200.00,
Cleared,01-29-2026,"LUCID TRADING BASKING RIDGE NJ 26028 : Debit Card Purchase 01/27 05:50p #6081 ",65.00,,
Cleared,01-29-2026,"Olivia Wong : Zelle Credit PAY ID:COF54CMMBJWX ORG ID:COF ",,30.93,
Cleared,01-29-2026,"D3198 DD *DOORDASH PAPAJOHNS 8559731040 CA 26 : Mobile Purchase Sign Based 01/27 12:24a #6081 ",22.25,,
Cleared,01-29-2026,"TRADEZELLA MIAMI FL 26028 : Mobile Purchase Sign Based 01/27 07:04p #6081 ",16.74,,
Cleared,01-29-2026,"D3198 SQ *BLACK SEED BAGELS New York NY 26 : Mobile Purchase Sign Based 01/27 12:12p #6081 ",11.43,,
Cleared,01-29-2026,"D3198 MTA*NYCT PAYGO NEW YORK NY 26 : Mobile Purchase Sign Based 01/27 05:04p #6081 ",3.00,,
Cleared,01-29-2026,"D3198 MTA*NYCT PAYGO NEW YORK NY 26 : Mobile Purchase Sign Based 01/27 08:42a #6081 ",3.00,,
Cleared,01-27-2026,"D3198 NINJATRADER CLEARING CHICAGO IL 26 : Mobile Purchase Sign Based 01/25 08:36a #6081 ",500.00,,
Cleared,01-27-2026,"D3198 APPLE CASH SENT MONEY CUPERTINO CA 26 : Mobile Purchase Sign Based 01/24 01:15p #6081 ",25.00,,
Cleared,01-27-2026,"D3198 TST* DOS TOROS - PENN NEW YORK NY 26 : Mobile Purchase Sign Based 01/23 05:38p #6081 ",15.00,,
Cleared,01-27-2026,"D3198 SQ *BLACK SEED BAGELS New York NY 26 : Mobile Purchase Sign Based 01/23 12:06p #6081 ",11.43,,
Cleared,01-27-2026,"D3198 MTA*NYCT PAYGO NEW YORK NY 26 : Mobile Purchase Sign Based 01/23 10:14a #6081 ",3.00,,
Cleared,01-27-2026,"D3198 NBCU CAFE QPS NEW YORK NY 26 : Mobile Purchase Sign Based 01/23 05:17p #6081 ",2.23,,
Cleared,01-27-2026,"D3198 MTA*NYCT PAYGO NEW YORK NY 26 : Mobile Purchase Sign Based 01/23 05:24p #6081 ",2.00,,
Cleared,01-26-2026,"AFFIRM * PAY IIWMWGJ5 SAN FRANCISCO CA 26023 : Debit Card Purchase 01/22 08:59a #6081 ",125.71,,
Cleared,01-26-2026,"TRADEZELLA MIAMI FL 26023 : Mobile Purchase Sign Based 01/22 06:08p #6081 ",29.00,,
Cleared,01-26-2026,"EMPIRE CORNER II NEW YORK NY 26023 : Debit Card Purchase 01/22 08:25p #6081 ",17.62,,
Cleared,01-26-2026,"D3198 SQ *BLACK SEED BAGELS New York NY 26 : Mobile Purchase Sign Based 01/22 12:08p #6081 ",10.29,,
Cleared,01-26-2026,"D3198 MTA*NYCT PAYGO NEW YORK NY 26 : Mobile Purchase Sign Based 01/22 08:44a #6081 ",3.00,,
Cleared,01-26-2026,"D3198 MTA*NYCT PAYGO NEW YORK NY 26 : Mobile Purchase Sign Based 01/22 05:03p #6081 ",3.00,,
Cleared,01-26-2026,"D3198 APPLE.COM/BILL CUPERTINO CA 26 : Mobile Purchase Sign Based 01/22 10:36a #6081 ",0.99,,
Cleared,01-23-2026,"D3198 CHIPOTLE 0769 NEW YORK NY 26 : Mobile Purchase Sign Based 01/21 12:26p #6081 ",12.85,,
Cleared,01-23-2026,"D3198 MTA*NYCT PAYGO NEW YORK NY 26 : Mobile Purchase Sign Based 01/21 08:45a #6081 ",3.00,,
Cleared,01-23-2026,"D3198 MTA*NYCT PAYGO NEW YORK NY 26 : Mobile Purchase Sign Based 01/21 04:59p #6081 ",3.00,,
Cleared,01-22-2026,"3872AE UNITED ST DIRDEP : ACH Electronic Credit ",,659.89,
Cleared,01-22-2026,"D3198 FAO_Schwarz New York NY 26 : Mobile Purchase Sign Based 01/20 05:07p #6081 ",95.86,,
Cleared,01-22-2026,"WL *STEAM PURCHASE SEATTLE WA 26021 : Debit Card Purchase 01/19 02:00p #6081 ",32.65,,
Cleared,01-22-2026,"D3198 SQ *BLACK SEED BAGELS New York NY 26 : Mobile Purchase Sign Based 01/20 10:26a #6081 ",11.43,,
Cleared,01-22-2026,"CASH APP*MR 1185 Oakland CA 26021 : DEBIT CARD TRANSFER DEBIT 01/20 04:54p #6081 ",10.00,,
Cleared,01-22-2026,"D3198 MTA*NYCT PAYGO NEW YORK NY 26 : Mobile Purchase Sign Based 01/20 08:44a #6081 ",3.00,,
Cleared,01-22-2026,"D3198 MTA*NYCT PAYGO NEW YORK NY 26 : Mobile Purchase Sign Based 01/20 05:14p #6081 ",3.00,,
Cleared,01-21-2026,"D3198 SQ *KPOP NARA NYC New York NY 26 : Mobile Purchase Sign Based 01/19 12:52p #6081 ",88.46,,
Cleared,01-21-2026,"CASH APP*MR 1185 Oakland CA 26017 : DEBIT CARD TRANSFER DEBIT 01/16 02:59p #6081 ",60.00,,
Cleared,01-21-2026,"EMPIRE CORNER II NEW YORK NY 26020 : Debit Card Purchase 01/19 03:56p #6081 ",30.24,,
Cleared,01-21-2026,"MCDONALD'S M5467 OF BRYANS ROAD MD 26018 : Debit Card Purchase 01/17 12:55a #6081 ",16.63,,
Cleared,01-21-2026,"D3198 SQ *BLACK SEED BAGELS New York NY 26 : Mobile Purchase Sign Based 01/19 09:21a #6081 ",11.43,,
Cleared,01-21-2026,"D3198 SQ *BLACK SEED BAGELS New York NY 26 : Mobile Purchase Sign Based 01/16 12:29p #6081 ",11.43,,
Cleared,01-21-2026,"D3198 MTA*NYCT PAYGO NEW YORK NY 26 : Mobile Purchase Sign Based 01/16 08:54a #6081 ",3.00,,
Cleared,01-21-2026,"D3198 MTA*NYCT PAYGO NEW YORK NY 26 : Mobile Purchase Sign Based 01/16 05:30p #6081 ",3.00,,
Cleared,01-21-2026,"D3198 MTA*NYCT PAYGO NEW YORK NY 26 : Mobile Purchase Sign Based 01/19 12:30p #6081 ",3.00,,
Cleared,01-21-2026,"D3198 MTA*NYCT PAYGO NEW YORK NY 26 : Mobile Purchase Sign Based 01/19 08:45a #6081 ",3.00,,
Cleared,01-21-2026,"D3198 MTA*NYCT PAYGO NEW YORK NY 26 : Mobile Purchase Sign Based 01/19 12:51a #6081 ",3.00,,
Cleared,01-21-2026,"D3198 MTA*NYCT PAYGO NEW YORK NY 26 : Mobile Purchase Sign Based 01/19 01:01p #6081 ",3.00,,
Cleared,01-20-2026,"Olivia Wong : Zelle Credit PAY ID:COF66VZ2IAQR ORG ID:COF ",,88.46,
Cleared,01-20-2026,"Olivia Wong : Zelle Credit PAY ID:COFGXW5MO4XD ORG ID:COF ",,58.00,
Cleared,01-20-2026,"COLUMBIA FACULTY PRACT NEW YORK NY 26016 : Debit Card Purchase 01/15 09:56p #6081 ",25.00,,
Cleared,01-20-2026,"D3198 SQ *BLACK SEED BAGELS New York NY 26 : Mobile Purchase Sign Based 01/15 12:21p #6081 ",11.83,,
Cleared,01-20-2026,"D3198 MTA*NYCT PAYGO NEW YORK NY 26 : Mobile Purchase Sign Based 01/15 08:48a #6081 ",3.00,,
Cleared,01-20-2026,"D3198 MTA*NYCT PAYGO NEW YORK NY 26 : Mobile Purchase Sign Based 01/15 04:47p #6081 ",3.00,,
Cleared,01-20-2026,"D3198 MTA*NYCT PAYGO NEW YORK NY 26 : Mobile Purchase Sign Based 01/14 08:05p #6081 ",3.00,,
Cleared,01-16-2026,"PAYPAL INST XFER ITCH IO : ACH Electronic Debit ",26.99,,
Cleared,01-16-2026,"D3198 CHIPOTLE 0769 NEW YORK NY 26 : Mobile Purchase Sign Based 01/14 12:55p #6081 ",12.85,,
Cleared,01-16-2026,"PAYPAL INST XFER ITCH IO : ACH Electronic Debit ",4.49,,
Cleared,01-16-2026,"D3198 MTA*NYCT PAYGO NEW YORK NY 26 : Mobile Purchase Sign Based 01/14 10:06a #6081 ",3.00,,
Cleared,01-15-2026,"3872AE UNITED ST DIRDEP : ACH Electronic Credit ",,581.78,
Cleared,01-15-2026,"D3198 SQ *BLACK SEED BAGELS New York NY 26 : Mobile Purchase Sign Based 01/13 02:30p #6081 ",11.83,,
Cleared,01-15-2026,"D3198 APPLE CASH SENT MONEY CUPERTINO CA 26 : Mobile Purchase Sign Based 01/13 04:45p #6081 ",10.00,,
Cleared,01-15-2026,"CASH APP*MR 1185 Oakland CA 26014 : Mobile Purchase Sign Based 01/13 08:43p #6081 ",3.00,,
Cleared,01-15-2026,"D3198 MTA*NYCT PAYGO NEW YORK NY 26 : Mobile Purchase Sign Based 01/13 04:53p #6081 ",3.00,,
Cleared,01-15-2026,"D3198 MTA*NYCT PAYGO NEW YORK NY 26 : Mobile Purchase Sign Based 01/13 08:53a #6081 ",3.00,,
Cleared,01-15-2026,"D3198 NBCU CAFE QPS NEW YORK NY 26 : Mobile Purchase Sign Based 01/13 02:44p #6081 ",2.99,,
Cleared,01-14-2026,"AffirmCard 5KPE AFFRM 6014942 : ACH Electronic Debit ",141.67,,
Cleared,01-14-2026,"D3198 APPLE CASH SENT MONEY CUPERTINO CA 26 : Mobile Purchase Sign Based 01/12 06:17p #6081 ",40.00,,
Cleared,01-14-2026,"Square Enix EL SEGUNDO CA 26013 : Debit Card Purchase 01/13 05:12a #6081 ",14.14,,
Cleared,01-14-2026,"D3198 CHIPOTLE 0769 NEW YORK NY 26 : Mobile Purchase Sign Based 01/12 12:27p #6081 ",12.85,,
Cleared,01-14-2026,"EMPIRE CORNER II NEW YORK NY 26013 : Debit Card Purchase 01/11 06:40p #6081 ",12.62,,
Cleared,01-14-2026,"D3198 SQ *BLACK SEED BAGELS New York NY 26 : Mobile Purchase Sign Based 01/12 09:22a #6081 ",11.43,,
Cleared,01-14-2026,"D3198 MTA*NYCT PAYGO NEW YORK NY 26 : Mobile Purchase Sign Based 01/12 04:58p #6081 ",3.00,,
Cleared,01-14-2026,"D3198 MTA*NYCT PAYGO NEW YORK NY 26 : Mobile Purchase Sign Based 01/12 08:53a #6081 ",3.00,,
Cleared,01-13-2026,"Hope Canaan 118 WEB PMTS 2WKGT1 : ACH Electronic Debit ",587.00,,
Cleared,01-13-2026,"NATIONAL INCOME NIL INS : ACH Electronic Debit ",55.55,,
Cleared,01-13-2026,"D3198 DOORDASH*01/08-2 ORDER 8559731040 CA 26 : Mobile Purchase Sign Based 01/08 07:25p #6081 ",39.05,,
Cleared,01-13-2026,"PAYPAL INST XFER WALMART COM : ACH Electronic Debit ",27.96,,
Cleared,01-13-2026,"AMAZON MARK* V73MC8DV3 SEATTLE WA 26011 : Mobile Purchase Sign Based 01/10 09:10p #6081 ",24.81,,
Cleared,01-13-2026,"CASH APP*MR 1185 Oakland CA 26010 : DEBIT CARD TRANSFER DEBIT 01/09 02:56p #6081 ",20.00,,
Cleared,01-13-2026,"SoundCloud Monthly Go San Francisco CA 26010 : Debit Card Purchase 01/09 01:47p #6081 ",10.99,,
Cleared,01-13-2026,"CASH APP*MR 1185 Oakland CA 26012 : Mobile Purchase Sign Based 01/11 06:28p #6081 ",10.00,,
Cleared,01-12-2026,"D3198 SQ *BLACK SEED BAGELS New York NY 26 : Mobile Purchase Sign Based 01/08 08:41a #6081 ",13.14,,
Cleared,01-12-2026,"PAYPAL INST XFER PATREON MEMBER : ACH Electronic Debit ",10.00,,
Cleared,01-12-2026,"D3198 MTA*NYCT PAYGO NEW YORK NY 26 : Mobile Purchase Sign Based 01/08 05:07p #6081 ",3.00,,
Cleared,01-12-2026,"D3198 MTA*NYCT PAYGO NEW YORK NY 26 : Mobile Purchase Sign Based 01/07 10:50p #6081 ",3.00,,
Cleared,01-12-2026,"D3198 MTA*NYCT PAYGO NEW YORK NY 26 : Mobile Purchase Sign Based 01/08 07:56a #6081 ",3.00,,
Cleared,01-09-2026,"CASH APP*MR 1185 Oakland CA 26008 : DEBIT CARD TRANSFER DEBIT 01/07 09:15p #6081 ",5.00,,
Cleared,01-09-2026,"D3198 MTA*NYCT PAYGO NEW YORK NY 26 : Mobile Purchase Sign Based 01/07 08:50a #6081 ",3.00,,
Cleared,01-08-2026,"3872AE UNITED ST DIRDEP : ACH Electronic Credit ",,594.79,
Cleared,01-08-2026,"D3198 SQ *BLACK SEED BAGELS New York NY 26 : Mobile Purchase Sign Based 01/06 01:07p #6081 ",11.43,,
Cleared,01-08-2026,"D3198 MTA*NYCT PAYGO NEW YORK NY 26 : Mobile Purchase Sign Based 01/06 05:03p #6081 ",3.00,,
Cleared,01-08-2026,"D3198 MTA*NYCT PAYGO NEW YORK NY 26 : Mobile Purchase Sign Based 01/06 08:38a #6081 ",3.00,,
Cleared,01-07-2026,"Keiber Mejia : Zelle Credit PAY ID:COFLSO0YSUK0 ORG ID:COF ",,788.60,
Cleared,01-07-2026,"UPSTART NETWORK UPST LOANS 26232425 : ACH Electronic Debit ",602.45,,
Cleared,01-07-2026,"CASH APP*MR 1185 Oakland CA 26006 : Mobile Purchase Sign Based 01/05 05:46p #6081 ",10.00,,
Cleared,01-07-2026,"D3198 MTA*NYCT PAYGO NEW YORK NY 26 : Mobile Purchase Sign Based 01/05 08:46a #6081 ",3.00,,
Cleared,01-07-2026,"D3198 MTA*NYCT PAYGO NEW YORK NY 26 : Mobile Purchase Sign Based 01/05 05:02p #6081 ",3.00,,
Cleared,01-07-2026,"D3198 CHIPOTLE 0769 NEW YORK NY 26 : Mobile Purchase Sign Based 01/05 12:35p #6081 ",0.09,,
Cleared,01-06-2026,"DISCOVER PAYMENTS 8247 : ACH Electronic Debit ",167.00,,
Cleared,01-06-2026,"D3198 APPLE.COM/BILL CUPERTINO CA 26 : Mobile Purchase Sign Based 01/03 01:20p #6081 ",54.41,,
Cleared,01-06-2026,"D3198 DD *DOORDASH HALALCHIC 8559731040 CA 26 : Mobile Purchase Sign Based 01/01 05:42p #6081 ",22.55,,
Cleared,01-06-2026,"CASH APP*MR 1185 Oakland CA 26003 : Mobile Purchase Sign Based 01/02 10:11p #6081 ",15.00,,
Cleared,01-06-2026,"D3198 SQ *BLACK SEED BAGELS New York NY 26 : Mobile Purchase Sign Based 01/02 12:24p #6081 ",11.43,,
Cleared,01-06-2026,"CASH APP*MR 1185 Oakland CA 26004 : DEBIT CARD TRANSFER DEBIT 01/03 07:50p #6081 ",6.00,,
Cleared,01-06-2026,"CASH APP*MR 1185 Oakland CA 26004 : Mobile Purchase Sign Based 01/04 01:02a #6081 ",6.00,,
Cleared,01-06-2026,"D3198 MTA*NYCT PAYGO NEW YORK NY 26 : Mobile Purchase Sign Based 01/02 04:34p #6081 ",2.90,,
Cleared,01-06-2026,"D3198 MTA*NYCT PAYGO NEW YORK NY 26 : Mobile Purchase Sign Based 01/02 09:18a #6081 ",2.90,,
Cleared,01-05-2026,"FREELAND LIQOUR NEW YORK NY 26002 : Debit Card Purchase 12/31 03:17p #6081 ",45.98,,
Cleared,01-05-2026,"PureGym US Springfield VA 26002 : Mobile Purchase Sign Based 01/01 08:25a #6081 ",40.76,,
Cleared,01-05-2026,"D3198 SQ *BLACK SEED BAGELS New York NY 26 : Mobile Purchase Sign Based 12/31 02:04p #6081 ",11.43,,
Cleared,01-05-2026,"CASH APP*MR 1185 Oakland CA 26001 : Mobile Purchase Sign Based 12/31 06:32p #6081 ",10.00,,
Cleared,01-05-2026,"D3198 PRINCE DELI GROCERY CO NEW YORK NY 26 : Mobile Purchase Sign Based 12/31 03:23p #6081 ",3.64,,
Cleared,01-05-2026,"D3198 MTA*NYCT PAYGO NEW YORK NY 26 : Mobile Purchase Sign Based 12/31 07:20a #6081 ",2.90,,
Cleared,01-02-2026,"D3198 CHIPOTLE 0769 NEW YORK NY 25 : Mobile Purchase Sign Based 12/30 12:19p #6081 ",12.85,,
Cleared,01-02-2026,"DISCORD* TWILIGHT(DUSK SAN FRANCISCO CA 25365 : Mobile Purchase Sign Based 12/30 #6081 ",4.99,,
Cleared,01-02-2026,"DISCORD* TWILIGHT(DUSK SAN FRANCISCO CA 25365 : Mobile Purchase Sign Based 12/30 05:50p #6081 ",4.99,,
Cleared,01-02-2026,"D3198 MTA*NYCT PAYGO NEW YORK NY 25 : Mobile Purchase Sign Based 12/30 08:51a #6081 ",2.90,,
Cleared,01-02-2026,"D3198 MTA*NYCT PAYGO NEW YORK NY 25 : Mobile Purchase Sign Based 12/30 04:59p #6081 ",2.90,,
Cleared,12-31-2025,"3872AE UNITED ST DIRDEP : ACH Electronic Credit ",,578.78,
Cleared,12-31-2025,"STEAMGAMES.COM 4259522 Bellevue WA 25364 : Mobile Purchase Sign Based 12/28 02:24p #6081 ",38.11,,
Cleared,12-31-2025,"D3198 SQ *BLACK SEED BAGELS New York NY 25 : Mobile Purchase Sign Based 12/29 01:12p #6081 ",11.43,,
Cleared,12-31-2025,"D3198 MTA*NYCT PAYGO NEW YORK NY 25 : Mobile Purchase Sign Based 12/29 05:13p #6081 ",2.90,,
Cleared,12-31-2025,"D3198 MTA*NYCT PAYGO NEW YORK NY 25 : Mobile Purchase Sign Based 12/29 08:54a #6081 ",2.90,,
Cleared,12-31-2025,"D3198 NBCU CAFE QPS NEW YORK NY 25 : Mobile Purchase Sign Based 12/29 01:21p #6081 ",2.83,,
Cleared,12-30-2025,"D3198 SQ *BLACK SEED BAGELS New York NY 25 : Mobile Purchase Sign Based 12/26 12:11p #6081 ",11.43,,
Cleared,12-30-2025,"PAYPAL INST XFER TWITCHINTER : ACH Electronic Debit ",5.99,,
Cleared,12-30-2025,"CASH APP*MR 1185 Oakland CA 25361 : DEBIT CARD TRANSFER DEBIT 12/26 01:59p #6081 ",5.00,,
Cleared,12-30-2025,"CASH APP*MR 1185 Oakland CA 25363 : Mobile Purchase Sign Based 12/28 11:20a #6081 ",5.00,,
Cleared,12-30-2025,"D3198 MTA*NYCT PAYGO NEW YORK NY 25 : Mobile Purchase Sign Based 12/26 03:13p #6081 ",2.90,,
Cleared,12-30-2025,"D3198 MTA*NYCT PAYGO NEW YORK NY 25 : Mobile Purchase Sign Based 12/26 08:36a #6081 ",2.90,,
Cleared,12-29-2025,"APPLE CASH BANK XFER Keiber Mejia : ACH Electronic Credit ",,50.00,
Cleared,12-29-2025,"CASH APP*MR 1185 Oakland CA 25360 : Mobile Purchase Sign Based 12/25 12:28p #6081 ",50.00,,
Cleared,12-29-2025,"D3198 ZAMAN GOURMET DELI COR JACKSON HTS NY 25 : Mobile Purchase Sign Based 12/24 06:11p #6081 ",17.48,,
Cleared,12-29-2025,"D3198 MTA*NYCT PAYGO NEW YORK NY 25 : Mobile Purchase Sign Based 12/24 12:19a #6081 ",8.50,,
Cleared,12-29-2025,"D3198 MTA*NYCT PAYGO NEW YORK NY 25 : Mobile Purchase Sign Based 12/24 08:45a #6081 ",2.90,,
Cleared,12-29-2025,"D3198 MTA*NYCT PAYGO NEW YORK NY 25 : Mobile Purchase Sign Based 12/24 03:33p #6081 ",2.90,,
Cleared,12-26-2025,"D3198 SQ *BLACK SEED BAGELS New York NY 25 : Mobile Purchase Sign Based 12/23 12:16p #6081 ",11.43,,
Cleared,12-26-2025,"D3198 MTA*NYCT PAYGO NEW YORK NY 25 : Mobile Purchase Sign Based 12/22 10:37p #6081 ",2.90,,
Cleared,12-26-2025,"D3198 MTA*NYCT PAYGO NEW YORK NY 25 : Mobile Purchase Sign Based 12/23 05:03p #6081 ",2.90,,
Cleared,12-26-2025,"D3198 MTA*NYCT PAYGO NEW YORK NY 25 : Mobile Purchase Sign Based 12/23 08:56a #6081 ",2.90,,
Cleared,12-26-2025,"D3198 MTA*NYCT PAYGO NEW YORK NY 25 : Mobile Purchase Sign Based 12/23 10:32p #6081 ",2.90,,
Cleared,12-24-2025,"3872AE UNITED ST DIRDEP : ACH Electronic Credit ",,578.78,
Cleared,12-24-2025,"SQ *OOTOYA TIMES SQUAR New York NY 25357 : Debit Card Purchase 12/22 08:00p #6081 ",129.41,,
Cleared,12-24-2025,"D3198 UBER *TRIP 8005928996 CA 25 : Mobile Purchase Sign Based 12/22 #6081 ",37.87,,
Cleared,12-24-2025,"D3198 INSOMNIA COOKIES -PENN NEW YORK NY 25 : Mobile Purchase Sign Based 12/22 05:19p #6081 ",13.02,,
Cleared,12-24-2025,"D3198 CHIPOTLE 0769 NEW YORK NY 25 : Mobile Purchase Sign Based 12/22 12:24p #6081 ",12.85,,
Cleared,12-24-2025,"D3198 MTA*NYCT PAYGO NEW YORK NY 25 : Mobile Purchase Sign Based 12/22 05:21p #6081 ",2.90,,
Cleared,12-24-2025,"D3198 MTA*NYCT PAYGO NEW YORK NY 25 : Mobile Purchase Sign Based 12/22 08:59a #6081 ",2.90,,
Cleared,12-24-2025,"D3198 MTA*NYCT PAYGO NEW YORK NY 25 : Mobile Purchase Sign Based 12/22 05:09p #6081 ",2.90,,
Cleared,12-24-2025,"D3198 APPLE.COM/BILL CUPERTINO CA 25 : Mobile Purchase Sign Based 12/22 10:35a #6081 ",0.99,,
Cleared,12-23-2025,"METRO BY T-MOBILE MOBI BELLEVUE WA 25354 : Debit Card Purchase 12/19 06:02p #6081 ",155.00,,
Cleared,12-23-2025,"UEP*PRINCE TEA HOUSE NEW YORK NY 25354 : Debit Card Purchase 12/19 07:32p #6081 ",52.02,,
Cleared,12-23-2025,"D3198 UBER *TRIP 8005928996 CA 25 : Mobile Purchase Sign Based 12/22 #6081 ",32.94,,
Cleared,12-23-2025,"D3198 PRINCE ST. PIZZA NEW YORK NY 25 : Mobile Purchase Sign Based 12/20 01:50p #6081 ",22.49,,
Cleared,12-23-2025,"D3198 BURLINGTON STORES INC. NEW YORK NYUS07 : Mobile Purchase PIN Based ",21.78,,
Cleared,12-23-2025,"CASH APP*MR 1185 Oakland CA 25356 : DEBIT CARD TRANSFER DEBIT 12/21 03:05p #6081 ",15.00,,
Cleared,12-23-2025,"CASH APP*MR 1185 Oakland CA 25354 : DEBIT CARD TRANSFER DEBIT 12/19 03:19p #6081 ",15.00,,
Cleared,12-23-2025,"D3198 SQ *BLACK SEED BAGELS New York NY 25 : Mobile Purchase Sign Based 12/19 12:16p #6081 ",11.43,,
Cleared,12-23-2025,"CASH APP*MR 1185 Oakland CA 25355 : DEBIT CARD TRANSFER DEBIT 12/21 01:58a #6081 ",10.00,,
Cleared,12-23-2025,"D3198 MTA*NYCT PAYGO NEW YORK NY 25 : Mobile Purchase Sign Based 12/18 05:13p #6081 ",2.90,,
Cleared,12-23-2025,"D3198 MTA*NYCT PAYGO NEW YORK NY 25 : Mobile Purchase Sign Based 12/19 09:21a #6081 ",2.90,,
Cleared,12-23-2025,"D3198 MTA*NYCT PAYGO NEW YORK NY 25 : Mobile Purchase Sign Based 12/19 08:02p #6081 ",2.10,,
Cleared,12-23-2025,"D3198 SQ *MORGENSTERN'S BANA New York NY 25 : Mobile Purchase Sign Based 12/21 01:23p #6081 ",1.84,,
Cleared,12-22-2025,"KEVIN BELTRE : Zelle Debit PAY ID:CTIjbm0LiZ8X ORG ID:JPM ",27.00,,
Cleared,12-22-2025,"D3198 CHIPOTLE 0632 NEW YORK NY 25 : Mobile Purchase Sign Based 12/18 02:19p #6081 ",12.85,,
Cleared,12-22-2025,"APPLE CASH BANK XFER Keiber Mejia : ACH Electronic Credit ",,10.00,
Cleared,12-22-2025,"D3198 MTA*NYCT PAYGO NEW YORK NY 25 : Mobile Purchase Sign Based 12/17 05:06p #6081 ",2.90,,
Cleared,12-22-2025,"D3198 MTA*NYCT PAYGO NEW YORK NY 25 : Mobile Purchase Sign Based 12/18 08:59a #6081 ",2.90,,
Cleared,12-22-2025,"D3198 NBCU CAFE QPS NEW YORK NY 25 : Mobile Purchase Sign Based 12/18 05:09p #6081 ",2.12,,
Cleared,12-19-2025,"LA LANTERNA DI VITTORI NEW YORK NY 25352 : Debit Card Purchase 12/16 10:32p #6081 ",94.66,,
Cleared,12-19-2025,"D3198 TST*SPOT DESSERT BAR - New York NY 25 : Mobile Purchase Sign Based 12/17 11:00p #6081 ",39.07,,
Cleared,12-19-2025,"D3198 SQ *BLACK SEED BAGELS New York NY 25 : Mobile Purchase Sign Based 12/17 12:21p #6081 ",11.43,,
Cleared,12-19-2025,"D3198 BOUWERIE ICONIC MAGAZI NEW YORK NY 25 : Mobile Purchase Sign Based 12/17 11:22p #6081 ",5.20,,
Cleared,12-19-2025,"D3198 MTA*NYCT PAYGO NEW YORK NY 25 : Mobile Purchase Sign Based 12/16 08:26p #6081 ",2.90,,
Cleared,12-19-2025,"D3198 MTA*NYCT PAYGO NEW YORK NY 25 : Mobile Purchase Sign Based 12/16 05:03p #6081 ",2.90,,
Cleared,12-19-2025,"D3198 MTA*NYCT PAYGO NEW YORK NY 25 : Mobile Purchase Sign Based 12/17 08:43a #6081 ",2.90,,
Cleared,12-18-2025,"3872AE UNITED ST DIRDEP : ACH Electronic Credit ",,578.78,
Cleared,12-18-2025,"D3198 CVS/PHARMACY #10407 NEW YORK NYUS07 : Mobile Purchase PIN Based ",55.53,,
Cleared,12-18-2025,"D3198 CHIPOTLE 0769 NEW YORK NY 25 : Mobile Purchase Sign Based 12/16 12:22p #6081 ",12.85,,
Cleared,12-18-2025,"D3198 MTA*NYCT PAYGO NEW YORK NY 25 : Mobile Purchase Sign Based 12/16 08:52a #6081 ",2.90,,
Cleared,12-18-2025,"D3198 MTA*NYCT PAYGO NEW YORK NY 25 : Mobile Purchase Sign Based 12/15 06:30p #6081 ",2.90,,
Cleared,12-17-2025,"D3198 CHIPOTLE 1178 NEW YORK NY 25 : Mobile Purchase Sign Based 12/15 02:11p #6081 ",25.20,,
Cleared,12-17-2025,"AMAZON MARK* RY38018S3 SEATTLE WA 25350 : Mobile Purchase Sign Based 12/15 12:52p #6081 ",17.98,,
Cleared,12-17-2025,"D3198 PP*ZZG ICE INC NEW YORK NY 25 : Mobile Purchase Sign Based 12/15 05:53p #6081 ",12.52,,
Cleared,12-17-2025,"D3198 SQ *BLACK SEED BAGELS New York NY 25 : Mobile Purchase Sign Based 12/15 09:49a #6081 ",11.43,,
Cleared,12-17-2025,"CASH APP*MR 1185 Oakland CA 25350 : DEBIT CARD TRANSFER DEBIT 12/15 03:51p #6081 ",10.00,,
Cleared,12-17-2025,"D3198 MTA*NYCT PAYGO NEW YORK NY 25 : Mobile Purchase Sign Based 12/15 09:03a #6081 ",2.90,,
Cleared,12-17-2025,"D3198 MTA*NYCT PAYGO NEW YORK NY 25 : Mobile Purchase Sign Based 12/15 10:11p #6081 ",2.90,,
Cleared,12-16-2025,"D3198 FINE FARE SUPERMARKET NEW YORK NY 25 : Mobile Purchase Sign Based 12/13 03:39p #6081 ",62.63,,
Cleared,12-16-2025,"KYURAMEN (UPPER WEST, CHICAGO IL 25349 : Debit Card Purchase 12/14 03:28p #6081 ",57.79,,
Cleared,12-16-2025,"TST*TAQUERIA SANTA FE New York NY 25348 : Debit Card Purchase 12/13 01:32p #6081 ",53.73,,
Cleared,12-16-2025,"UEP*PRINCE TEA HOUSE NEW YORK NY 25349 : Debit Card Purchase 12/14 09:11p #6081 ",52.02,,
Cleared,12-16-2025,"TRADEZELLA MIAMI FL 25347 : Mobile Purchase Sign Based 12/12 11:37a #6081 ",49.00,,
Cleared,12-16-2025,"WL *STEAM PURCHASE SEATTLE WA 25349 : Debit Card Purchase 12/13 11:13a #6081 ",38.11,,
Cleared,12-16-2025,"D3198 APPLE.COM/BILL CUPERTINO CA 25 : Mobile Purchase Sign Based 12/13 01:21p #6081 ",32.65,,
Cleared,12-16-2025,"D3198 DD *DOORDASH MCDONALDS 8559731040 CA 25 : Mobile Purchase Sign Based 12/12 01:34a #6081 ",21.38,,
Cleared,12-16-2025,"Square Enix EL SEGUNDO CA 25348 : Debit Card Purchase 12/14 05:01a #6081 ",14.14,,
Cleared,12-16-2025,"D3198 CHIPOTLE 0769 NEW YORK NY 25 : Mobile Purchase Sign Based 12/12 12:04p #6081 ",12.85,,
Cleared,12-16-2025,"D3198 MTA*NYCT PAYGO NEW YORK NY 25 : Mobile Purchase Sign Based 12/12 08:56a #6081 ",2.90,,
Cleared,12-16-2025,"D3198 MTA*NYCT PAYGO NEW YORK NY 25 : Mobile Purchase Sign Based 12/11 04:52p #6081 ",2.90,,
Cleared,12-16-2025,"D3198 MTA*NYCT PAYGO NEW YORK NY 25 : Mobile Purchase Sign Based 12/12 08:50p #6081 ",2.90,,
Cleared,12-16-2025,"D3198 MTA*NYCT PAYGO NEW YORK NY 25 : Mobile Purchase Sign Based 12/12 04:58p #6081 ",2.90,,
Cleared,12-16-2025,"D3198 MTA*NYCT PAYGO NEW YORK NY 25 : Mobile Purchase Sign Based 12/12 09:37p #6081 ",2.10,,
Cleared,12-15-2025,"Hope Canaan 118 WEB PMTS 9HPYR1 : ACH Electronic Debit ",695.00,,
Cleared,12-15-2025,"D3198 MYSTTIK MASAALA QUEENS NYUS07 : Mobile Purchase PIN Based ",53.74,,
Cleared,12-15-2025,"D3198 CHIPOTLE 0769 NEW YORK NY 25 : Mobile Purchase Sign Based 12/11 12:22p #6081 ",12.85,,
Cleared,12-15-2025,"KEVIN BELTRE : Zelle Credit PAY ID:JPM99byajiot ORG ID:JPM ",,10.00,
Cleared,12-15-2025,"D3198 MTA*NYCT PAYGO NEW YORK NY 25 : Mobile Purchase Sign Based 12/10 04:59p #6081 ",2.90,,
Cleared,12-15-2025,"D3198 MTA*NYCT PAYGO NEW YORK NY 25 : Mobile Purchase Sign Based 12/11 08:46a #6081 ",2.90,,
Cleared,12-12-2025,"D3198 DOORDASH*12/09-2 ORDER 8559731040 CA 25 : Mobile Purchase Sign Based 12/09 07:40p #6081 ",55.91,,
Cleared,12-12-2025,"D3198 CHIPOTLE 0769 NEW YORK NY 25 : Mobile Purchase Sign Based 12/10 12:09p #6081 ",12.85,,
Cleared,12-12-2025,"SoundCloud Monthly Go San Francisco CA 25345 : Mobile Purchase Sign Based 12/10 01:47p #6081 ",10.99,,
Cleared,12-12-2025,"CASH APP*MR 1185 Oakland CA 25345 : DEBIT CARD TRANSFER DEBIT 12/10 10:09a #6081 ",4.00,,
Cleared,12-12-2025,"D3198 MTA*NYCT PAYGO NEW YORK NY 25 : Mobile Purchase Sign Based 12/10 08:55a #6081 ",2.90,,
Cleared,12-11-2025,"3872AE UNITED ST DIRDEP : ACH Electronic Credit ",,578.78,
Cleared,12-11-2025,"NATIONAL INCOME NIL INS : ACH Electronic Debit ",55.55,,
Cleared,12-11-2025,"STEAMGAMES.COM 4259522 Bellevue WA 25344 : Mobile Purchase Sign Based 12/08 07:17p #6081 ",38.11,,
Cleared,12-11-2025,"EMPIRE CORNER II NEW YORK NY 25344 : Debit Card Purchase 12/09 01:27p #6081 ",30.36,,
Cleared,12-11-2025,"COLUMBIA FACULTY PRACT NEW YORK NY 25344 : Debit Card Purchase 12/09 08:41a #6081 ",25.00,,
Cleared,12-11-2025,"D3198 STAPLES 00111179 NEW YORK NY 25 : Mobile Purchase Sign Based 12/09 #6081 ",3.82,,
Cleared,12-11-2025,"D3198 MTA*NYCT PAYGO NEW YORK NY 25 : Mobile Purchase Sign Based 12/09 09:43a #6081 ",2.90,,
Cleared,12-11-2025,"D3198 MTA*NYCT PAYGO NEW YORK NY 25 : Mobile Purchase Sign Based 12/09 07:14a #6081 ",2.90,,
Cleared,12-11-2025,"D3198 MTA*NYCT PAYGO NEW YORK NY 25 : Mobile Purchase Sign Based 12/08 05:02p #6081 ",2.90,,
Cleared,12-10-2025,"EMPIRE CORNER II NEW YORK NY 25343 : Debit Card Purchase 12/07 01:40p #6081 ",15.35,,
Cleared,12-10-2025,"D3198 CHIPOTLE 0769 NEW YORK NY 25 : Mobile Purchase Sign Based 12/08 12:43p #6081 ",12.85,,
Cleared,12-10-2025,"PAYPAL INST XFER PATREON MEMBER : ACH Electronic Debit ",10.00,,
Cleared,12-10-2025,"D3198 MTA*NYCT PAYGO NEW YORK NY 25 : Mobile Purchase Sign Based 12/08 08:47a #6081 ",2.90,,
Cleared,12-09-2025,"VICTOR REYES : Zelle Debit PAY ID:CTId6sh85g2I ORG ID:WFC ",70.00,,
Cleared,12-09-2025,"PLAYERAUCTIONS.COM NEW ORLEANS LA 25342 : Debit Card Purchase 12/06 09:36p #6081 ",39.51,,
Cleared,12-09-2025,"ARENANET 4252472500 WA 25342 : Mobile Purchase Sign Based 12/07 02:55p #6081 ",31.79,,
Cleared,12-09-2025,"D3198 DD *DOORDASH LATOYASKI 8559731040 CA 25 : Mobile Purchase Sign Based 12/07 01:58p #6081 ",23.58,,
Cleared,12-09-2025,"D3198 DD *DOORDASH HALALCHIC 8559731040 CA 25 : Mobile Purchase Sign Based 12/06 12:54p #6081 ",22.55,,
Cleared,12-09-2025,"D3198 DD *DOORDASH LITTLECAE 8559731040 CA 25 : Mobile Purchase Sign Based 12/04 08:07p #6081 ",17.74,,
Cleared,12-09-2025,"D3198 TROPILYZ RESTAURANT NEW YORK NY 25 : Mobile Purchase Sign Based 12/05 05:31p #6081 ",13.29,,
Cleared,12-09-2025,"PAYPAL TRANSFER : ACH Electronic Credit ",,12.40,
Cleared,12-09-2025,"D3198 SQ *BLACK SEED BAGELS New York NY 25 : Mobile Purchase Sign Based 12/05 12:06p #6081 ",11.43,,
Cleared,12-09-2025,"CASH APP*MR 1185 Oakland CA 25340 : DEBIT CARD TRANSFER DEBIT 12/05 08:18p #6081 ",5.00,,
Cleared,12-09-2025,"D3198 MTA*NYCT PAYGO NEW YORK NY 25 : Mobile Purchase Sign Based 12/04 05:12p #6081 ",2.90,,
Cleared,12-09-2025,"D3198 MTA*NYCT PAYGO NEW YORK NY 25 : Mobile Purchase Sign Based 12/05 08:52a #6081 ",2.90,,
Cleared,12-09-2025,"D3198 MTA*NYCT PAYGO NEW YORK NY 25 : Mobile Purchase Sign Based 12/05 05:03p #6081 ",2.90,,
Cleared,12-09-2025,"D3198 NBCU CAFE QPS NEW YORK NY 25 : Mobile Purchase Sign Based 12/06 02:06a #6081 ",2.83,,
Cleared,12-08-2025,"UPSTART NETWORK UPST LOANS 26232425 : ACH Electronic Debit ",602.45,,
Cleared,12-08-2025,"DISCOVER PAYMENTS 8247 : ACH Electronic Debit ",126.00,,
Cleared,12-08-2025,"D3198 CHIPOTLE 0769 NEW YORK NY 25 : Mobile Purchase Sign Based 12/04 12:13p #6081 ",12.85,,
Cleared,12-08-2025,"D3198 MTA*NYCT PAYGO NEW YORK NY 25 : Mobile Purchase Sign Based 12/04 09:49a #6081 ",2.90,,
Cleared,12-08-2025,"D3198 MTA*NYCT PAYGO NEW YORK NY 25 : Mobile Purchase Sign Based 12/03 05:12p #6081 ",2.90,,
Cleared,12-05-2025,"AMAZON MARK* B27P31751 SEATTLE WA 25338 : Mobile Purchase Returns 12/02 #6081 ",,25.53,
Cleared,12-05-2025,"Riot* LN58M543MKK1 SANTA MONICA CA 25338 : Debit Card Purchase 12/03 10:30p #6081 ",23.94,,
Cleared,12-05-2025,"D3198 APPLE.COM/BILL CUPERTINO CA 25 : Mobile Purchase Sign Based 12/03 01:21p #6081 ",21.76,,
Cleared,12-05-2025,"D3198 CHIPOTLE 0769 NEW YORK NY 25 : Mobile Purchase Sign Based 12/03 12:24p #6081 ",12.85,,
Cleared,12-05-2025,"D3198 NBCU CAFE QPS NEW YORK NY 25 : Mobile Purchase Sign Based 12/03 02:29p #6081 ",2.12,,
Cleared,12-04-2025,"3872AE UNITED ST DIRDEP : ACH Electronic Credit ",,578.78,
Cleared,12-04-2025,"D3198 CHIPOTLE 0769 NEW YORK NY 25 : Mobile Purchase Sign Based 12/02 12:13p #6081 ",12.85,,
Cleared,12-04-2025,"D3198 MTA*NYCT PAYGO NEW YORK NY 25 : Mobile Purchase Sign Based 12/02 08:59a #6081 ",2.90,,
Cleared,12-03-2025,"D3198 DD *DOORDASH WINGSTOP 8559731040 CA 25 : Mobile Purchase Sign Based 11/30 03:56p #6081 ",59.58,,
Cleared,12-03-2025,"STEAMGAMES.COM 4259522 Bellevue WA 25336 : Mobile Purchase Sign Based 11/30 04:31p #6081 ",43.54,,
Cleared,12-03-2025,"PureGym US Springfield VA 25336 : Mobile Purchase Sign Based 12/01 07:50a #6081 ",40.76,,
Cleared,12-03-2025,"D3198 CHIPOTLE 0769 NEW YORK NY 25 : Mobile Purchase Sign Based 12/01 01:24p #6081 ",12.85,,
Cleared,12-03-2025,"STEAMGAMES.COM 4259522 Bellevue WA 25336 : Mobile Purchase Sign Based 11/30 09:26p #6081 ",10.89,,
Cleared,12-03-2025,"D3198 NBCU CAFE QPS NEW YORK NY 25 : Mobile Purchase Sign Based 12/01 12:27p #6081 ",4.95,,
Cleared,12-03-2025,"D3198 MTA*NYCT PAYGO NEW YORK NY 25 : Mobile Purchase Sign Based 12/01 08:53a #6081 ",2.90,,
Cleared,12-02-2025,"eBay O*05-13913-28608 San Jose CA 25335 : Mobile Purchase Sign Based 11/30 05:28p #6081 ",89.28,,
Cleared,12-02-2025,"eBay O*04-13914-23377 San Jose CA 25335 : Mobile Purchase Sign Based 11/30 05:25p #6081 ",66.56,,
Cleared,12-02-2025,"D3198 DOORDASH*11/29-2 ORDER 8559731040 CA 25 : Mobile Purchase Sign Based 11/29 01:30p #6081 ",52.43,,
Cleared,12-02-2025,"CASH APP*MR 1185 Oakland CA 25333 : DEBIT CARD TRANSFER DEBIT 11/28 04:31p #6081 ",2.00,,
